Venue,Symbol,Side,Qty,Entry Price,Exit Price,SL,TP,PnL,Entry Time,Exit Time
delta,ETHUSD,Short,0.05,2269.1,2285.95,0,0,-0.8425,2026-04-29T21:30:14.000,2026-05-01T09:00:12.000
delta,BTCUSD,Short,0.001,75034.5,76659,0,0,-1.6245,2026-04-29T23:45:14.000,2026-05-01T07:30:13.000
delta,BTCUSD,Buy,0.001,77314.5,75117.5,0,0,-2.197,2026-04-29T10:15:10.000,2026-04-29T23:45:11.000
delta,ETHUSD,Buy,0.05,2314.6,2269.05,0,0,-2.2775,2026-04-29T09:15:10.000,2026-04-29T21:30:12.000
delta,BTCUSD,Short,0.001,77280.5,77320,0,0,-0.0395,2026-04-27T20:45:14.000,2026-04-29T10:15:07.000
delta,ETHUSD,Short,0.05,2307.65,2314.45,0,0,-0.34,2026-04-27T14:00:10.000,2026-04-29T09:15:07.000
delta,BTCUSD,Buy,0.001,78121,77271,0,0,-0.85,2026-04-26T10:45:08.000,2026-04-27T20:45:10.000
delta,ETHUSD,Buy,0.05,2328.45,2308.05,0,0,-1.02,2026-04-26T10:45:08.000,2026-04-27T14:00:08.000
delta,BTCUSD,Short,0.001,77183.5,78115,0,0,-0.9315,2026-04-23T15:45:09.000,2026-04-26T10:45:05.000
delta,ETHUSD,Short,0.05,2339.65,2328.3,0,0,0.5675,2026-04-23T08:45:09.000,2026-04-26T10:45:05.000
delta,BTCUSD,Buy,0.001,77289,77183.5,0,0,-0.1055,2026-04-22T08:00:14.000,2026-04-23T15:45:06.000
delta,ETHUSD,Buy,0.05,2332.75,2339.55,0,0,0.34,2026-04-21T00:15:11.000,2026-04-23T08:45:07.000
delta,BTCUSD,Short,0.001,75309.5,77277.5,0,0,-1.968,2026-04-21T23:00:19.000,2026-04-22T08:00:10.000
delta,BTCUSD,Buy,0.001,75910,75309,0,0,-0.601,2026-04-20T23:30:22.000,2026-04-21T23:00:15.000
delta,ETHUSD,Short,0.05,2347.15,2332.8,0,0,0.7175,2026-04-18T17:15:07.000,2026-04-21T00:15:08.000
delta,BTCUSD,Short,0.001,75603.5,75920,0,0,-0.3165,2026-04-19T00:00:08.000,2026-04-20T23:30:19.000
delta,BTCUSD,Buy,0.001,74998,75603.5,0,0,0.6055,2026-04-16T01:15:15.000,2026-04-19T00:00:05.000
delta,ETHUSD,Buy,0.05,2370.75,2347.5,0,0,-1.1625,2026-04-17T15:00:11.000,2026-04-18T17:15:04.000
delta,P-ETH-2100-240426,Short,0.05,141.7,5.6,0,0,6.805,2026-04-03T12:30:59.000,2026-04-18T09:42:14.000
delta,ETHUSD,Short,0.05,2304.45,2371.25,0,0,-3.34,2026-04-16T19:30:29.000,2026-04-17T15:00:08.000
delta,ETHUSD,Buy,0.05,2226.3,2304.65,0,0,3.9175,2026-04-13T20:15:11.000,2026-04-16T19:30:26.000
delta,BTCUSD,Short,0.001,73679,75021,0,0,-1.342,2026-04-15T13:00:10.000,2026-04-16T01:15:09.000
delta,BTCUSD,Buy,0.001,71627,73677,0,0,2.05,2026-04-13T19:30:17.000,2026-04-15T13:00:07.000
delta,ETHUSD,Short,0.05,2220.55,2226.4,0,0,-0.2925,2026-04-12T07:15:09.000,2026-04-13T20:15:08.000
delta,BTCUSD,Short,0.001,71556.5,71654,0,0,-0.0975,2026-04-12T07:15:12.000,2026-04-13T19:30:14.000
delta,BTCUSD,Buy,0.001,69992.5,71575.5,0,0,1.583,2026-04-08T02:45:08.000,2026-04-12T07:15:08.000
delta,ETHUSD,Buy,0.05,2157.55,2222,0,0,3.2225,2026-04-08T03:45:09.000,2026-04-12T07:15:07.000
delta,ETHUSD,Short,0.05,2066.15,2158.6,0,0,-4.6225,2026-04-07T19:45:12.000,2026-04-08T03:45:06.000
delta,BTCUSD,Short,0.001,68183,69983.5,0,0,-1.8005,2026-04-07T16:30:15.000,2026-04-08T02:45:05.000
delta,ETHUSD,Buy,0.05,2090.3,2066.65,0,0,-1.1825,2026-04-06T04:30:11.000,2026-04-07T19:45:09.000
delta,BTCUSD,Buy,0.001,67974.5,68193.5,0,0,0.219,2026-04-06T04:15:11.000,2026-04-07T16:30:12.000
delta,ETHUSD,Short,0.05,2030.85,2089.35,0,0,-2.925,2026-04-05T11:45:09.000,2026-04-06T04:30:08.000
delta,BTCUSD,Short,0.001,66631,67978,0,0,-1.347,2026-04-05T11:45:11.000,2026-04-06T04:15:07.000
delta,BTCUSD,Buy,0.001,67212,66625.5,0,0,-0.5865,2026-04-04T19:15:07.000,2026-04-05T11:45:05.000
delta,ETHUSD,Buy,0.05,2078.3,2031.4,0,0,-2.345,2026-04-05T00:45:08.000,2026-04-05T11:45:05.000
delta,ETHUSD,Short,0.05,2078.75,2078.65,0,0,0.005,2026-04-02T07:45:09.000,2026-04-05T00:45:05.000
delta,BTCUSD,Short,0.001,67153,67217,0,0,-0.064,2026-04-02T07:15:11.000,2026-04-04T19:15:03.000
delta,ETHUSD,Buy,0.05,2029.05,2078.85,0,0,2.49,2026-03-30T08:30:13.000,2026-04-02T07:45:07.000
delta,BTCUSD,Buy,0.001,68503.5,67139.5,0,0,-1.364,2026-03-31T22:45:13.000,2026-04-02T07:15:07.000
delta,BTCUSD,Short,0.001,66095.5,68510.5,0,0,-2.415,2026-03-31T15:30:13.000,2026-03-31T22:45:09.000
delta,BTCUSD,Buy,0.001,67100,66078,0,0,-1.022,2026-03-30T08:30:14.000,2026-03-31T15:30:10.000
delta,BTCUSD,Short,0.001,66217.5,67107.5,0,0,-0.89,2026-03-29T23:00:09.000,2026-03-30T08:30:10.000
delta,ETHUSD,Short,0.05,1988.4,2029.4,0,0,-2.05,2026-03-29T18:45:08.000,2026-03-30T08:30:10.000
delta,BTCUSD,Buy,0.001,66920,66222.5,0,0,-0.6975,2026-03-28T19:15:09.000,2026-03-29T23:00:04.000
delta,ETHUSD,Buy,0.05,2028.25,1988.4,0,0,-1.9925,2026-03-28T19:15:09.000,2026-03-29T18:45:04.000
delta,BTCUSD,Short,0.001,70517.5,66924,0,0,3.5935,2026-03-26T10:45:10.000,2026-03-28T19:15:06.000
delta,ETHUSD,Short,0.05,2139.45,2028.4,0,0,5.5525,2026-03-26T10:45:09.000,2026-03-28T19:15:06.000
delta,BTCUSD,Buy,0.001,71417.5,70525.5,0,0,-0.892,2026-03-25T14:15:10.000,2026-03-26T10:45:06.000
delta,ETHUSD,Buy,0.05,2179.7,2139.5,0,0,-2.01,2026-03-25T14:00:12.000,2026-03-26T10:45:06.000
delta,BTCUSD,Short,0.001,69861.5,71433.5,0,0,-1.572,2026-03-24T19:45:13.000,2026-03-25T14:15:07.000
delta,ETHUSD,Short,0.05,2116.25,2179.85,0,0,-3.18,2026-03-24T22:45:12.000,2026-03-25T14:00:08.000
delta,ETHUSD,Buy,0.05,2181.6,2116.55,0,0,-3.2525,2026-03-23T16:45:14.000,2026-03-24T22:45:09.000
delta,BTCUSD,Buy,0.001,71140,69829.5,0,0,-1.3105,2026-03-23T16:45:14.000,2026-03-24T19:45:10.000
delta,ETHUSD,Short,0.05,2294.15,2181.3,0,0,5.6425,2026-03-18T17:00:12.000,2026-03-23T16:45:13.000
delta,BTCUSD,Short,0.001,70130.5,71165.5,0,0,-1.035,2026-03-22T04:45:05.000,2026-03-23T16:45:11.000
delta,BTCUSD,Buy,0.001,71226,70130.5,0,0,-1.0955,2026-03-20T13:45:09.000,2026-03-22T04:45:03.000
delta,BTCUSD,Short,0.001,73074.5,71226,0,0,1.8485,2026-03-18T17:15:10.000,2026-03-20T13:45:06.000
delta,BTCUSD,Buy,0.001,71129,73075,0,0,1.946,2026-03-13T05:45:07.000,2026-03-18T17:15:08.000
delta,ETHUSD,Buy,0.05,2004.2,2294,0,0,14.49,2026-03-09T15:56:18.000,2026-03-18T17:00:10.000
delta,BTCUSD,Short,0.001,69132,71134,0,0,-2.002,2026-03-11T17:30:08.000,2026-03-13T05:45:06.000
delta,BTCUSD,Buy,0.001,67888,69141,0,0,1.253,2026-03-09T15:52:46.000,2026-03-11T17:30:06.000
delta,ETHUSD,Buy,0.02,2004.2,2074.25,0,0,1.401,2026-03-09T15:56:18.000,2026-03-10T23:20:30.000
delta,BTCUSD,Buy,0.001,67888,70762.5,0,0,2.8745,2026-03-09T15:52:46.000,2026-03-10T23:19:57.000
delta,ETHUSD,Buy,0.01,2004.2,2073.75,0,0,0.6955,2026-03-09T15:56:18.000,2026-03-10T23:19:25.000
delta,ETHUSD,Short,0.01,2072.15,2004.2,0,0,0.6795,2026-03-05T21:00:14.000,2026-03-09T15:56:18.000
delta,ETHUSD,Short,0.04,2072.15,2002.6,0,0,2.782,2026-03-05T21:00:14.000,2026-03-09T15:53:19.000
delta,BTCUSD,Short,0.001,71235,67888.5,0,0,3.3465,2026-03-05T21:00:15.000,2026-03-09T15:52:03.000
delta,BTCUSD,Buy,0.001,68486,71258,0,0,2.772,2026-03-02T20:45:09.000,2026-03-05T21:00:13.000
delta,ETHUSD,Buy,0.05,2033.8,2073.25,0,0,1.9725,2026-03-02T20:45:09.000,2026-03-05T21:00:13.000
delta,ETHUSD,Short,0.05,1934.1,2033.45,0,0,-4.9675,2026-03-02T01:45:06.000,2026-03-02T20:45:08.000
delta,BTCUSD,Short,0.001,65493,68470.5,0,0,-2.9775,2026-03-02T01:45:06.000,2026-03-02T20:45:07.000
delta,BTCUSD,Buy,0.001,66316.5,65493,0,0,-0.8235,2026-03-01T01:15:06.000,2026-03-02T01:45:05.000
delta,ETHUSD,Buy,0.05,1955.05,1935.05,0,0,-1,2026-03-01T01:45:06.000,2026-03-02T01:45:05.000
delta,ETHUSD,Short,0.05,2011.3,1954.95,0,0,2.8175,2026-02-26T22:15:09.000,2026-03-01T01:45:05.000
delta,BTCUSD,Short,0.001,66654.5,66332.5,0,0,0.322,2026-02-26T22:30:12.000,2026-03-01T01:15:05.000
delta,BTCUSD,Buy,0.001,65585.5,66649.5,0,0,1.064,2026-02-25T06:45:10.000,2026-02-26T22:30:11.000
delta,ETHUSD,Buy,0.05,1904.25,2011.1,0,0,5.3425,2026-02-25T06:45:10.000,2026-02-26T22:15:07.000
delta,BTCUSD,Short,0.001,67601.5,65586,0,0,2.0155,2026-02-22T19:15:05.000,2026-02-25T06:45:09.000
delta,ETHUSD,Short,0.05,1964.25,1904.75,0,0,2.975,2026-02-22T18:15:05.000,2026-02-25T06:45:09.000
delta,BTCUSD,Buy,0.001,67346.5,67601.5,0,0,0.255,2026-02-20T06:00:09.000,2026-02-22T19:15:04.000
delta,ETHUSD,Buy,0.05,1983.4,1964.1,0,0,-0.965,2026-02-21T17:00:05.000,2026-02-22T18:15:04.000
delta,ETHUSD,Short,0.05,1953.65,1983.35,0,0,-1.485,2026-02-19T00:15:09.000,2026-02-21T17:00:04.000
